사이트,No,회사,제목,지역,마감일,상세보기
인크루트,1,수외과의원,간호사 모집,경남 창원시 마산회원구,채용시,https://job.incruit.com/jobdb_info/jobpost.asp?job=2607080001925&src=etc*search
인크루트,2,감동실버타운,간호사 채용,경북 구미시,~07.31 (금),https://job.incruit.com/jobdb_info/jobpost.asp?job=2607090001471&src=etc*search
인크루트,3,대신재활요양원,간호사 모집,충북 청주시 청원구,~07.15 (수),https://job.incruit.com/jobdb_info/jobpost.asp?job=2607010000595&src=etc*search
인크루트,4,의료법인의암의료재단,간호사,충남 홍성군,~08.31 (월),https://job.incruit.com/jobdb_info/jobpost.asp?job=2607010004142&src=etc*search
인크루트,5,영지요양원,간호사 또는 간호조무사 모집,서울 중랑구,채용시,https://job.incruit.com/jobdb_info/jobpost.asp?job=2607080002693&src=etc*search
인크루트,6,보령시립노인전문병원,N keep 간호사,충남 보령시,~07.31 (금),https://job.incruit.com/jobdb_info/jobpost.asp?job=2607080004273&src=etc*search
인크루트,7,수요양병원,병동간호사 모집,전남 광양시,~07.31 (금),https://job.incruit.com/jobdb_info/jobpost.asp?job=2607060004223&src=etc*search
인크루트,8,한사랑요양병원,QPS 간호사 채용,전북 전주시 완산구,채용시,https://job.incruit.com/jobdb_info/jobpost.asp?job=2607010004541&src=etc*search
인크루트,9,파랑새마을재가센터,재활 방문 간호사 모집,서울 은평구,채용시,https://job.incruit.com/jobdb_info/jobpost.asp?job=2606260004043&src=etc*search
인크루트,10,굿모닝요양병원,간호사 채용,서울 성동구,채용시,https://job.incruit.com/jobdb_info/jobpost.asp?job=2607020003771&src=etc*search
인크루트,11,강릉치유재활요양원,간호사 채용,강원 강릉시,~07.11 (토),https://job.incruit.com/jobdb_info/jobpost.asp?job=2606290000635&src=etc*search
인크루트,12,거제요양병원,거제요양병원 야간전담간호사 간호사님 구인합니다.,경남 거제시,~07.21 (화),https://job.incruit.com/jobdb_info/jobpost.asp?job=2607070003038&src=etc*search
인크루트,13,성남은빛요양원,요양원 간호사 모집,경기 성남시 중원구,~07.13 (월),https://job.incruit.com/jobdb_info/jobpost.asp?job=2606290004306&src=etc*search
인크루트,14,안양실버케어호계요양원,요양원  간호사  구인,경기 안양시 동안구,~07.15 (수),https://job.incruit.com/jobdb_info/jobpost.asp?job=2606300003576&src=etc*search
인크루트,15,하나한방병원,간호사 모집합니다.,전북 익산시,채용시,https://job.incruit.com/jobdb_info/jobpost.asp?job=2607060004317&src=etc*search
인크루트,16,바로마디정형외과내과의원,수술실 간호사 채용,경남 진주시,채용시,https://job.incruit.com/jobdb_info/jobpost.asp?job=2607070000908&src=etc*search
인크루트,17,삼농실버마을요양원,요양원 간호사 구인,서울 구로구,채용시,https://job.incruit.com/jobdb_info/jobpost.asp?job=2606250004337&src=etc*search
인크루트,18,벧엘요양병원,야간(나이트) 전담 간호사,전북 전주시 덕진구,채용시,https://job.incruit.com/jobdb_info/jobpost.asp?job=2606290002235&src=etc*search
인크루트,19,한사랑요양병원,감염관리 간호사 채용,전북 전주시 완산구,채용시,https://job.incruit.com/jobdb_info/jobpost.asp?job=2607010004125&src=etc*search
인크루트,20,노블힐요양원,간호사/간호조무사 구인(요양원),경기 화성시 만세구,~07.22 (수),https://job.incruit.com/jobdb_info/jobpost.asp?job=2607080002988&src=etc*search
인크루트,21,차오름의원,간호사 선생님 구함,전남 담양군,~07.15 (수),https://job.incruit.com/jobdb_info/jobpost.asp?job=2606260004028&src=etc*search
인크루트,22,의료법인 창아의료재단,"병동간호사 3교대, DE간호사 모집합니다.",경남 창원시 성산구,~07.22 (수),https://job.incruit.com/jobdb_info/jobpost.asp?job=2606220004441&src=etc*search
인크루트,23,아름다운노인복지센터,[방문간호] 행정전담 간호사 모십니다.,경기 화성시 만세구,채용시,https://job.incruit.com/jobdb_info/jobpost.asp?job=2606290003277&src=etc*search
인크루트,24,에이스노인전문요양원,요양원 간호사 모심,충북 청주시 흥덕구,채용시,https://job.incruit.com/jobdb_info/jobpost.asp?job=2606290000713&src=etc*search
인크루트,25,국공립아미2어린이집,(대체)간호사 및 간호조무사 모집합니다.,경기 이천시,~07.27 (월),https://job.incruit.com/jobdb_info/jobpost.asp?job=2607070004406&src=etc*search
인크루트,26,우리요양원,간호사 추가채용,강원 강릉시,~07.31 (금),https://job.incruit.com/jobdb_info/jobpost.asp?job=2607010002825&src=etc*search
인크루트,27,강원도립강릉요양병원,정규직 병동간호사 모집,강원 강릉시,~07.15 (수),https://job.incruit.com/jobdb_info/jobpost.asp?job=2607010000944&src=etc*search
인크루트,28,우리아동병원,병동간호사 모집,울산 울주군,채용시,https://job.incruit.com/jobdb_info/jobpost.asp?job=2606260002600&src=etc*search
인크루트,29,계룡편안한요양원,간호사님 모집합니다.,충남 논산시,채용시,https://job.incruit.com/jobdb_info/jobpost.asp?job=2606260003866&src=etc*search
인크루트,30,사랑요양병원,"간호사 구인 , 사랑요양병원",부산 금정구,~08.14 (금),https://job.incruit.com/jobdb_info/jobpost.asp?job=2607090001472&src=etc*search
인크루트,31,수외과의원,간호사 모집,경남 창원시 마산회원구,채용시,https://job.incruit.com/jobdb_info/jobpost.asp?job=2607080001925&src=etc*search
인크루트,32,감동실버타운,간호사 채용,경북 구미시,~07.31 (금),https://job.incruit.com/jobdb_info/jobpost.asp?job=2607090001471&src=etc*search
인크루트,33,대신재활요양원,간호사 모집,충북 청주시 청원구,~07.15 (수),https://job.incruit.com/jobdb_info/jobpost.asp?job=2607010000595&src=etc*search
인크루트,34,의료법인의암의료재단,간호사,충남 홍성군,~08.31 (월),https://job.incruit.com/jobdb_info/jobpost.asp?job=2607010004142&src=etc*search
인크루트,35,영지요양원,간호사 또는 간호조무사 모집,서울 중랑구,채용시,https://job.incruit.com/jobdb_info/jobpost.asp?job=2607080002693&src=etc*search
인크루트,36,보령시립노인전문병원,N keep 간호사,충남 보령시,~07.31 (금),https://job.incruit.com/jobdb_info/jobpost.asp?job=2607080004273&src=etc*search
인크루트,37,수요양병원,병동간호사 모집,전남 광양시,~07.31 (금),https://job.incruit.com/jobdb_info/jobpost.asp?job=2607060004223&src=etc*search
인크루트,38,한사랑요양병원,QPS 간호사 채용,전북 전주시 완산구,채용시,https://job.incruit.com/jobdb_info/jobpost.asp?job=2607010004541&src=etc*search
인크루트,39,파랑새마을재가센터,재활 방문 간호사 모집,서울 은평구,채용시,https://job.incruit.com/jobdb_info/jobpost.asp?job=2606260004043&src=etc*search
인크루트,40,굿모닝요양병원,간호사 채용,서울 성동구,채용시,https://job.incruit.com/jobdb_info/jobpost.asp?job=2607020003771&src=etc*search
인크루트,41,강릉치유재활요양원,간호사 채용,강원 강릉시,~07.11 (토),https://job.incruit.com/jobdb_info/jobpost.asp?job=2606290000635&src=etc*search
인크루트,42,거제요양병원,거제요양병원 야간전담간호사 간호사님 구인합니다.,경남 거제시,~07.21 (화),https://job.incruit.com/jobdb_info/jobpost.asp?job=2607070003038&src=etc*search
인크루트,43,성남은빛요양원,요양원 간호사 모집,경기 성남시 중원구,~07.13 (월),https://job.incruit.com/jobdb_info/jobpost.asp?job=2606290004306&src=etc*search
인크루트,44,안양실버케어호계요양원,요양원  간호사  구인,경기 안양시 동안구,~07.15 (수),https://job.incruit.com/jobdb_info/jobpost.asp?job=2606300003576&src=etc*search
인크루트,45,하나한방병원,간호사 모집합니다.,전북 익산시,채용시,https://job.incruit.com/jobdb_info/jobpost.asp?job=2607060004317&src=etc*search
인크루트,46,바로마디정형외과내과의원,수술실 간호사 채용,경남 진주시,채용시,https://job.incruit.com/jobdb_info/jobpost.asp?job=2607070000908&src=etc*search
인크루트,47,삼농실버마을요양원,요양원 간호사 구인,서울 구로구,채용시,https://job.incruit.com/jobdb_info/jobpost.asp?job=2606250004337&src=etc*search
인크루트,48,벧엘요양병원,야간(나이트) 전담 간호사,전북 전주시 덕진구,채용시,https://job.incruit.com/jobdb_info/jobpost.asp?job=2606290002235&src=etc*search
인크루트,49,한사랑요양병원,감염관리 간호사 채용,전북 전주시 완산구,채용시,https://job.incruit.com/jobdb_info/jobpost.asp?job=2607010004125&src=etc*search
인크루트,50,노블힐요양원,간호사/간호조무사 구인(요양원),경기 화성시 만세구,~07.22 (수),https://job.incruit.com/jobdb_info/jobpost.asp?job=2607080002988&src=etc*search
인크루트,51,차오름의원,간호사 선생님 구함,전남 담양군,~07.15 (수),https://job.incruit.com/jobdb_info/jobpost.asp?job=2606260004028&src=etc*search
인크루트,52,의료법인 창아의료재단,"병동간호사 3교대, DE간호사 모집합니다.",경남 창원시 성산구,~07.22 (수),https://job.incruit.com/jobdb_info/jobpost.asp?job=2606220004441&src=etc*search
인크루트,53,아름다운노인복지센터,[방문간호] 행정전담 간호사 모십니다.,경기 화성시 만세구,채용시,https://job.incruit.com/jobdb_info/jobpost.asp?job=2606290003277&src=etc*search
인크루트,54,에이스노인전문요양원,요양원 간호사 모심,충북 청주시 흥덕구,채용시,https://job.incruit.com/jobdb_info/jobpost.asp?job=2606290000713&src=etc*search
인크루트,55,국공립아미2어린이집,(대체)간호사 및 간호조무사 모집합니다.,경기 이천시,~07.27 (월),https://job.incruit.com/jobdb_info/jobpost.asp?job=2607070004406&src=etc*search
인크루트,56,우리요양원,간호사 추가채용,강원 강릉시,~07.31 (금),https://job.incruit.com/jobdb_info/jobpost.asp?job=2607010002825&src=etc*search
인크루트,57,강원도립강릉요양병원,정규직 병동간호사 모집,강원 강릉시,~07.15 (수),https://job.incruit.com/jobdb_info/jobpost.asp?job=2607010000944&src=etc*search
인크루트,58,우리아동병원,병동간호사 모집,울산 울주군,채용시,https://job.incruit.com/jobdb_info/jobpost.asp?job=2606260002600&src=etc*search
인크루트,59,계룡편안한요양원,간호사님 모집합니다.,충남 논산시,채용시,https://job.incruit.com/jobdb_info/jobpost.asp?job=2606260003866&src=etc*search
인크루트,60,사랑요양병원,"간호사 구인 , 사랑요양병원",부산 금정구,~08.14 (금),https://job.incruit.com/jobdb_info/jobpost.asp?job=2607090001472&src=etc*search
인크루트,61,수외과의원,간호사 모집,경남 창원시 마산회원구,채용시,https://job.incruit.com/jobdb_info/jobpost.asp?job=2607080001925&src=etc*search
인크루트,62,감동실버타운,간호사 채용,경북 구미시,~07.31 (금),https://job.incruit.com/jobdb_info/jobpost.asp?job=2607090001471&src=etc*search
인크루트,63,대신재활요양원,간호사 모집,충북 청주시 청원구,~07.15 (수),https://job.incruit.com/jobdb_info/jobpost.asp?job=2607010000595&src=etc*search
인크루트,64,의료법인의암의료재단,간호사,충남 홍성군,~08.31 (월),https://job.incruit.com/jobdb_info/jobpost.asp?job=2607010004142&src=etc*search
인크루트,65,영지요양원,간호사 또는 간호조무사 모집,서울 중랑구,채용시,https://job.incruit.com/jobdb_info/jobpost.asp?job=2607080002693&src=etc*search
인크루트,66,보령시립노인전문병원,N keep 간호사,충남 보령시,~07.31 (금),https://job.incruit.com/jobdb_info/jobpost.asp?job=2607080004273&src=etc*search
인크루트,67,수요양병원,병동간호사 모집,전남 광양시,~07.31 (금),https://job.incruit.com/jobdb_info/jobpost.asp?job=2607060004223&src=etc*search
인크루트,68,한사랑요양병원,QPS 간호사 채용,전북 전주시 완산구,채용시,https://job.incruit.com/jobdb_info/jobpost.asp?job=2607010004541&src=etc*search
인크루트,69,파랑새마을재가센터,재활 방문 간호사 모집,서울 은평구,채용시,https://job.incruit.com/jobdb_info/jobpost.asp?job=2606260004043&src=etc*search
인크루트,70,굿모닝요양병원,간호사 채용,서울 성동구,채용시,https://job.incruit.com/jobdb_info/jobpost.asp?job=2607020003771&src=etc*search
인크루트,71,강릉치유재활요양원,간호사 채용,강원 강릉시,~07.11 (토),https://job.incruit.com/jobdb_info/jobpost.asp?job=2606290000635&src=etc*search
인크루트,72,거제요양병원,거제요양병원 야간전담간호사 간호사님 구인합니다.,경남 거제시,~07.21 (화),https://job.incruit.com/jobdb_info/jobpost.asp?job=2607070003038&src=etc*search
인크루트,73,성남은빛요양원,요양원 간호사 모집,경기 성남시 중원구,~07.13 (월),https://job.incruit.com/jobdb_info/jobpost.asp?job=2606290004306&src=etc*search
인크루트,74,안양실버케어호계요양원,요양원  간호사  구인,경기 안양시 동안구,~07.15 (수),https://job.incruit.com/jobdb_info/jobpost.asp?job=2606300003576&src=etc*search
인크루트,75,하나한방병원,간호사 모집합니다.,전북 익산시,채용시,https://job.incruit.com/jobdb_info/jobpost.asp?job=2607060004317&src=etc*search
인크루트,76,바로마디정형외과내과의원,수술실 간호사 채용,경남 진주시,채용시,https://job.incruit.com/jobdb_info/jobpost.asp?job=2607070000908&src=etc*search
인크루트,77,삼농실버마을요양원,요양원 간호사 구인,서울 구로구,채용시,https://job.incruit.com/jobdb_info/jobpost.asp?job=2606250004337&src=etc*search
인크루트,78,벧엘요양병원,야간(나이트) 전담 간호사,전북 전주시 덕진구,채용시,https://job.incruit.com/jobdb_info/jobpost.asp?job=2606290002235&src=etc*search
인크루트,79,한사랑요양병원,감염관리 간호사 채용,전북 전주시 완산구,채용시,https://job.incruit.com/jobdb_info/jobpost.asp?job=2607010004125&src=etc*search
인크루트,80,노블힐요양원,간호사/간호조무사 구인(요양원),경기 화성시 만세구,~07.22 (수),https://job.incruit.com/jobdb_info/jobpost.asp?job=2607080002988&src=etc*search
인크루트,81,차오름의원,간호사 선생님 구함,전남 담양군,~07.15 (수),https://job.incruit.com/jobdb_info/jobpost.asp?job=2606260004028&src=etc*search
인크루트,82,의료법인 창아의료재단,"병동간호사 3교대, DE간호사 모집합니다.",경남 창원시 성산구,~07.22 (수),https://job.incruit.com/jobdb_info/jobpost.asp?job=2606220004441&src=etc*search
인크루트,83,아름다운노인복지센터,[방문간호] 행정전담 간호사 모십니다.,경기 화성시 만세구,채용시,https://job.incruit.com/jobdb_info/jobpost.asp?job=2606290003277&src=etc*search
인크루트,84,에이스노인전문요양원,요양원 간호사 모심,충북 청주시 흥덕구,채용시,https://job.incruit.com/jobdb_info/jobpost.asp?job=2606290000713&src=etc*search
인크루트,85,국공립아미2어린이집,(대체)간호사 및 간호조무사 모집합니다.,경기 이천시,~07.27 (월),https://job.incruit.com/jobdb_info/jobpost.asp?job=2607070004406&src=etc*search
인크루트,86,우리요양원,간호사 추가채용,강원 강릉시,~07.31 (금),https://job.incruit.com/jobdb_info/jobpost.asp?job=2607010002825&src=etc*search
인크루트,87,강원도립강릉요양병원,정규직 병동간호사 모집,강원 강릉시,~07.15 (수),https://job.incruit.com/jobdb_info/jobpost.asp?job=2607010000944&src=etc*search
인크루트,88,우리아동병원,병동간호사 모집,울산 울주군,채용시,https://job.incruit.com/jobdb_info/jobpost.asp?job=2606260002600&src=etc*search
인크루트,89,계룡편안한요양원,간호사님 모집합니다.,충남 논산시,채용시,https://job.incruit.com/jobdb_info/jobpost.asp?job=2606260003866&src=etc*search
인크루트,90,사랑요양병원,"간호사 구인 , 사랑요양병원",부산 금정구,~08.14 (금),https://job.incruit.com/jobdb_info/jobpost.asp?job=2607090001472&src=etc*search
인크루트,91,수외과의원,간호사 모집,경남 창원시 마산회원구,채용시,https://job.incruit.com/jobdb_info/jobpost.asp?job=2607080001925&src=etc*search
인크루트,92,감동실버타운,간호사 채용,경북 구미시,~07.31 (금),https://job.incruit.com/jobdb_info/jobpost.asp?job=2607090001471&src=etc*search
인크루트,93,대신재활요양원,간호사 모집,충북 청주시 청원구,~07.15 (수),https://job.incruit.com/jobdb_info/jobpost.asp?job=2607010000595&src=etc*search
인크루트,94,의료법인의암의료재단,간호사,충남 홍성군,~08.31 (월),https://job.incruit.com/jobdb_info/jobpost.asp?job=2607010004142&src=etc*search
인크루트,95,영지요양원,간호사 또는 간호조무사 모집,서울 중랑구,채용시,https://job.incruit.com/jobdb_info/jobpost.asp?job=2607080002693&src=etc*search
인크루트,96,보령시립노인전문병원,N keep 간호사,충남 보령시,~07.31 (금),https://job.incruit.com/jobdb_info/jobpost.asp?job=2607080004273&src=etc*search
인크루트,97,수요양병원,병동간호사 모집,전남 광양시,~07.31 (금),https://job.incruit.com/jobdb_info/jobpost.asp?job=2607060004223&src=etc*search
인크루트,98,한사랑요양병원,QPS 간호사 채용,전북 전주시 완산구,채용시,https://job.incruit.com/jobdb_info/jobpost.asp?job=2607010004541&src=etc*search
인크루트,99,파랑새마을재가센터,재활 방문 간호사 모집,서울 은평구,채용시,https://job.incruit.com/jobdb_info/jobpost.asp?job=2606260004043&src=etc*search
인크루트,100,굿모닝요양병원,간호사 채용,서울 성동구,채용시,https://job.incruit.com/jobdb_info/jobpost.asp?job=2607020003771&src=etc*search
인크루트,101,강릉치유재활요양원,간호사 채용,강원 강릉시,~07.11 (토),https://job.incruit.com/jobdb_info/jobpost.asp?job=2606290000635&src=etc*search
인크루트,102,거제요양병원,거제요양병원 야간전담간호사 간호사님 구인합니다.,경남 거제시,~07.21 (화),https://job.incruit.com/jobdb_info/jobpost.asp?job=2607070003038&src=etc*search
인크루트,103,성남은빛요양원,요양원 간호사 모집,경기 성남시 중원구,~07.13 (월),https://job.incruit.com/jobdb_info/jobpost.asp?job=2606290004306&src=etc*search
인크루트,104,안양실버케어호계요양원,요양원  간호사  구인,경기 안양시 동안구,~07.15 (수),https://job.incruit.com/jobdb_info/jobpost.asp?job=2606300003576&src=etc*search
인크루트,105,하나한방병원,간호사 모집합니다.,전북 익산시,채용시,https://job.incruit.com/jobdb_info/jobpost.asp?job=2607060004317&src=etc*search
인크루트,106,바로마디정형외과내과의원,수술실 간호사 채용,경남 진주시,채용시,https://job.incruit.com/jobdb_info/jobpost.asp?job=2607070000908&src=etc*search
인크루트,107,삼농실버마을요양원,요양원 간호사 구인,서울 구로구,채용시,https://job.incruit.com/jobdb_info/jobpost.asp?job=2606250004337&src=etc*search
인크루트,108,벧엘요양병원,야간(나이트) 전담 간호사,전북 전주시 덕진구,채용시,https://job.incruit.com/jobdb_info/jobpost.asp?job=2606290002235&src=etc*search
인크루트,109,한사랑요양병원,감염관리 간호사 채용,전북 전주시 완산구,채용시,https://job.incruit.com/jobdb_info/jobpost.asp?job=2607010004125&src=etc*search
인크루트,110,노블힐요양원,간호사/간호조무사 구인(요양원),경기 화성시 만세구,~07.22 (수),https://job.incruit.com/jobdb_info/jobpost.asp?job=2607080002988&src=etc*search
인크루트,111,차오름의원,간호사 선생님 구함,전남 담양군,~07.15 (수),https://job.incruit.com/jobdb_info/jobpost.asp?job=2606260004028&src=etc*search
인크루트,112,의료법인 창아의료재단,"병동간호사 3교대, DE간호사 모집합니다.",경남 창원시 성산구,~07.22 (수),https://job.incruit.com/jobdb_info/jobpost.asp?job=2606220004441&src=etc*search
인크루트,113,아름다운노인복지센터,[방문간호] 행정전담 간호사 모십니다.,경기 화성시 만세구,채용시,https://job.incruit.com/jobdb_info/jobpost.asp?job=2606290003277&src=etc*search
인크루트,114,에이스노인전문요양원,요양원 간호사 모심,충북 청주시 흥덕구,채용시,https://job.incruit.com/jobdb_info/jobpost.asp?job=2606290000713&src=etc*search
인크루트,115,국공립아미2어린이집,(대체)간호사 및 간호조무사 모집합니다.,경기 이천시,~07.27 (월),https://job.incruit.com/jobdb_info/jobpost.asp?job=2607070004406&src=etc*search
인크루트,116,우리요양원,간호사 추가채용,강원 강릉시,~07.31 (금),https://job.incruit.com/jobdb_info/jobpost.asp?job=2607010002825&src=etc*search
인크루트,117,강원도립강릉요양병원,정규직 병동간호사 모집,강원 강릉시,~07.15 (수),https://job.incruit.com/jobdb_info/jobpost.asp?job=2607010000944&src=etc*search
인크루트,118,우리아동병원,병동간호사 모집,울산 울주군,채용시,https://job.incruit.com/jobdb_info/jobpost.asp?job=2606260002600&src=etc*search
인크루트,119,계룡편안한요양원,간호사님 모집합니다.,충남 논산시,채용시,https://job.incruit.com/jobdb_info/jobpost.asp?job=2606260003866&src=etc*search
인크루트,120,사랑요양병원,"간호사 구인 , 사랑요양병원",부산 금정구,~08.14 (금),https://job.incruit.com/jobdb_info/jobpost.asp?job=2607090001472&src=etc*search
인크루트,121,수외과의원,간호사 모집,경남 창원시 마산회원구,채용시,https://job.incruit.com/jobdb_info/jobpost.asp?job=2607080001925&src=etc*search
인크루트,122,감동실버타운,간호사 채용,경북 구미시,~07.31 (금),https://job.incruit.com/jobdb_info/jobpost.asp?job=2607090001471&src=etc*search
인크루트,123,대신재활요양원,간호사 모집,충북 청주시 청원구,~07.15 (수),https://job.incruit.com/jobdb_info/jobpost.asp?job=2607010000595&src=etc*search
인크루트,124,의료법인의암의료재단,간호사,충남 홍성군,~08.31 (월),https://job.incruit.com/jobdb_info/jobpost.asp?job=2607010004142&src=etc*search
인크루트,125,영지요양원,간호사 또는 간호조무사 모집,서울 중랑구,채용시,https://job.incruit.com/jobdb_info/jobpost.asp?job=2607080002693&src=etc*search
인크루트,126,보령시립노인전문병원,N keep 간호사,충남 보령시,~07.31 (금),https://job.incruit.com/jobdb_info/jobpost.asp?job=2607080004273&src=etc*search
인크루트,127,수요양병원,병동간호사 모집,전남 광양시,~07.31 (금),https://job.incruit.com/jobdb_info/jobpost.asp?job=2607060004223&src=etc*search
인크루트,128,한사랑요양병원,QPS 간호사 채용,전북 전주시 완산구,채용시,https://job.incruit.com/jobdb_info/jobpost.asp?job=2607010004541&src=etc*search
인크루트,129,파랑새마을재가센터,재활 방문 간호사 모집,서울 은평구,채용시,https://job.incruit.com/jobdb_info/jobpost.asp?job=2606260004043&src=etc*search
인크루트,130,굿모닝요양병원,간호사 채용,서울 성동구,채용시,https://job.incruit.com/jobdb_info/jobpost.asp?job=2607020003771&src=etc*search
인크루트,131,강릉치유재활요양원,간호사 채용,강원 강릉시,~07.11 (토),https://job.incruit.com/jobdb_info/jobpost.asp?job=2606290000635&src=etc*search
인크루트,132,거제요양병원,거제요양병원 야간전담간호사 간호사님 구인합니다.,경남 거제시,~07.21 (화),https://job.incruit.com/jobdb_info/jobpost.asp?job=2607070003038&src=etc*search
인크루트,133,성남은빛요양원,요양원 간호사 모집,경기 성남시 중원구,~07.13 (월),https://job.incruit.com/jobdb_info/jobpost.asp?job=2606290004306&src=etc*search
인크루트,134,안양실버케어호계요양원,요양원  간호사  구인,경기 안양시 동안구,~07.15 (수),https://job.incruit.com/jobdb_info/jobpost.asp?job=2606300003576&src=etc*search
인크루트,135,하나한방병원,간호사 모집합니다.,전북 익산시,채용시,https://job.incruit.com/jobdb_info/jobpost.asp?job=2607060004317&src=etc*search
인크루트,136,바로마디정형외과내과의원,수술실 간호사 채용,경남 진주시,채용시,https://job.incruit.com/jobdb_info/jobpost.asp?job=2607070000908&src=etc*search
인크루트,137,삼농실버마을요양원,요양원 간호사 구인,서울 구로구,채용시,https://job.incruit.com/jobdb_info/jobpost.asp?job=2606250004337&src=etc*search
인크루트,138,벧엘요양병원,야간(나이트) 전담 간호사,전북 전주시 덕진구,채용시,https://job.incruit.com/jobdb_info/jobpost.asp?job=2606290002235&src=etc*search
인크루트,139,한사랑요양병원,감염관리 간호사 채용,전북 전주시 완산구,채용시,https://job.incruit.com/jobdb_info/jobpost.asp?job=2607010004125&src=etc*search
인크루트,140,노블힐요양원,간호사/간호조무사 구인(요양원),경기 화성시 만세구,~07.22 (수),https://job.incruit.com/jobdb_info/jobpost.asp?job=2607080002988&src=etc*search
인크루트,141,차오름의원,간호사 선생님 구함,전남 담양군,~07.15 (수),https://job.incruit.com/jobdb_info/jobpost.asp?job=2606260004028&src=etc*search
인크루트,142,의료법인 창아의료재단,"병동간호사 3교대, DE간호사 모집합니다.",경남 창원시 성산구,~07.22 (수),https://job.incruit.com/jobdb_info/jobpost.asp?job=2606220004441&src=etc*search
인크루트,143,아름다운노인복지센터,[방문간호] 행정전담 간호사 모십니다.,경기 화성시 만세구,채용시,https://job.incruit.com/jobdb_info/jobpost.asp?job=2606290003277&src=etc*search
인크루트,144,에이스노인전문요양원,요양원 간호사 모심,충북 청주시 흥덕구,채용시,https://job.incruit.com/jobdb_info/jobpost.asp?job=2606290000713&src=etc*search
인크루트,145,국공립아미2어린이집,(대체)간호사 및 간호조무사 모집합니다.,경기 이천시,~07.27 (월),https://job.incruit.com/jobdb_info/jobpost.asp?job=2607070004406&src=etc*search
인크루트,146,우리요양원,간호사 추가채용,강원 강릉시,~07.31 (금),https://job.incruit.com/jobdb_info/jobpost.asp?job=2607010002825&src=etc*search
인크루트,147,강원도립강릉요양병원,정규직 병동간호사 모집,강원 강릉시,~07.15 (수),https://job.incruit.com/jobdb_info/jobpost.asp?job=2607010000944&src=etc*search
인크루트,148,우리아동병원,병동간호사 모집,울산 울주군,채용시,https://job.incruit.com/jobdb_info/jobpost.asp?job=2606260002600&src=etc*search
인크루트,149,계룡편안한요양원,간호사님 모집합니다.,충남 논산시,채용시,https://job.incruit.com/jobdb_info/jobpost.asp?job=2606260003866&src=etc*search
인크루트,150,사랑요양병원,"간호사 구인 , 사랑요양병원",부산 금정구,~08.14 (금),https://job.incruit.com/jobdb_info/jobpost.asp?job=2607090001472&src=etc*search
잡플래닛,151,밴스성형외과의원,간호사 직무,서울,~7/27(월),https://www.jobkorea.co.kr/Recruit/GI_Read/49262225?utm_source=jobplanet&utm_medium=owned&utm_campaign=synergy_external_jobplanet_web_nonad_26y06m1w&utm_content=non_jobposting&utm_term=vari_dynamic
잡플래닛,152,하나머티리얼즈(주),[하나머티리얼즈 간호사 계약직 모집],충남,~7/25(토),https://www.jobplanet.co.kr/job/search?posting_ids%5B%5D=1418843&entry=search_result_more_jobposting
잡플래닛,153,여천전남병원,2026년 병동 간호사 모집 안내,전남,~7/27(월),https://www.jobkorea.co.kr/Recruit/GI_Read/49457883?utm_source=jobplanet&utm_medium=owned&utm_campaign=synergy_external_jobplanet_web_nonad_26y06m1w&utm_content=non_jobposting&utm_term=vari_dynamic
잡플래닛,154,대한적십자사,경인권역재활병원 정규직 간호사 채용,인천,D-3,https://www.jobplanet.co.kr/job/search?posting_ids%5B%5D=1429805&entry=search_result_more_jobposting
잡플래닛,155,힐링안과,수술실 간호사,서울,~8/1(토),https://www.jobkorea.co.kr/Recruit/GI_Read/49494043?utm_source=jobplanet&utm_medium=owned&utm_campaign=synergy_external_jobplanet_web_nonad_26y06m1w&utm_content=non_jobposting&utm_term=vari_dynamic
잡플래닛,156,(주)제이앤비컨설팅,(간호사면허증 소지 필수) 대기업 사내 간호사 정규직원 모집,제주,D-1,https://www.jobkorea.co.kr/Recruit/GI_Read/49503074?utm_source=jobplanet&utm_medium=owned&utm_campaign=synergy_external_jobplanet_web_nonad_26y06m1w&utm_content=non_jobposting&utm_term=vari_dynamic
잡플래닛,157,구미차병원,응급의학과 전담간호사 모집,경북,D-3,https://www.jobplanet.co.kr/job/search?posting_ids%5B%5D=1458171&entry=search_result_more_jobposting
잡플래닛,158,구미차병원,정형외과 전담간호사 모집,경북,D-3,https://www.jobplanet.co.kr/job/search?posting_ids%5B%5D=1458183&entry=search_result_more_jobposting
잡플래닛,159,순천향대학교,정규 교직원 채용(간호사 / 일반행정),충남,~7/20(월),https://www.jobplanet.co.kr/job/search?posting_ids%5B%5D=1463947&entry=search_result_more_jobposting
